{"x":-0.9767502237846897,"y":-0.173337877710249}